{
  "round": 1,
  "names": [
    "customer_support",
    "engineering",
    "finance",
    "hr"
  ],
  "similarity_matrix": [
    [
      1.0,
      0.9690598845481873,
      0.9504424333572388,
      0.9687386751174927
    ],
    [
      0.9690598845481873,
      1.0,
      0.9485005736351013,
      0.9635257124900818
    ],
    [
      0.9504424333572388,
      0.9485005736351013,
      1.0,
      0.945949375629425
    ],
    [
      0.9687386751174927,
      0.9635257124900818,
      0.945949375629425,
      1.0
    ]
  ]
}